StateAb,DivisionNm,CandidateNm,PartyNm,BallotPosition
ACT,Bean,"FAULKNER, Therese",Australian Progressives,1
ACT,Bean,"CHRISTIE, Jamie",Independent,2
ACT,Bean,"RUSHTON, Ben",The Great Australian Party,3
ACT,Bean,"DONNELLY, Matt",Liberal Democrats,4
ACT,Bean,"HANLEY, Tony",United Australia Party,5
ACT,Bean,"COCKS, Ed",Liberal,6
ACT,Bean,"SMITH, David",Australian Labor Party,7
ACT,Bean,"DAVIS, Johnathan",The Greens,8
ACT,Canberra,"BOHM, Tim",Independent,1
ACT,Canberra,"PAYNE, Alicia",Australian Labor Party,2
ACT,Canberra,"HOLLO, Tim",The Greens,3
ACT,Canberra,"ZAKI, Mina",Liberal,4
ACT,Canberra,"KNIGHT, Robert John",Australian Progressives,5
ACT,Canberra,"DE MAINE, Greg",United Australia Party,6
ACT,Fenner,"HODGSON, Glen J",United Australia Party,1
ACT,Fenner,"RATLHAGANE, Kagiso",Australian Progressives,2
ACT,Fenner,"BRADDOCK, Andrew",The Greens,3
ACT,Fenner,"LEIGH, Andrew",Australian Labor Party,4
ACT,Fenner,"CASTLEY, Leanne",Liberal,5
NSW,Banks,"COLEMAN, David",Liberal,1
NSW,Banks,"DRAGONE, Gianluca",The Greens,2
NSW,Banks,"GAMBIAN, Chris",Australian Labor Party,3
NSW,Banks,"WRIGHT, Reginald Keith",United Australia Party,4
NSW,Banks,"THAKUR, Anjali",Animal Justice Party,5
NSW,Banks,"HO, Ki Man",Christian Democratic Party (Fred Nile Group),6
NSW,Barton,"BURNEY, Linda",Australian Labor Party,1
NSW,Barton,"SHRESTHA, Pramej",Liberal,2
NSW,Barton,"LIU, Ben Tung",United Australia Party,3
NSW,Barton,"SUSILO, Sonny",Christian Democratic Party (Fred Nile Group),4
NSW,Barton,"PARISSIS, Connor",The Greens,5
NSW,Barton,"POLLARD, Phillip",Pauline Hanson's One Nation,6
NSW,Bennelong,"OWLER, Brian",Australian Labor Party,1
NSW,Bennelong,"MARKS, Andrew",United Australia Party,2
NSW,Bennelong,"ALEXANDER, John",Liberal,3
NSW,Bennelong,"ZHANG, Qiu Yue",The Greens,4
NSW,Bennelong,"WORSLEY, Julie",Christian Democratic Party (Fred Nile Group),5
NSW,Berowra,"TAN, Monica",The Greens,1
NSW,Berowra,"LEESER, Julian",Liberal,2
NSW,Berowra,"McLACHLAN, Craig Steven",United Australia Party,3
NSW,Berowra,"CLARKE, Brendan Michael",Science Party,4
NSW,Berowra,"TAYLOR, Simon Alan",Christian Democratic Party (Fred Nile Group),5
NSW,Berowra,"WOODWARD, Roger",Independent,6
NSW,Berowra,"GALLAGHER, Mick",Independent,7
NSW,Berowra,"GOMPERTZ, Katie",Australian Labor Party,8
NSW,Berowra,"THOMAS, Justin",Sustainable Australia,9
NSW,Blaxland,"ROWE, Veronica",Christian Democratic Party (Fred Nile Group),1
NSW,Blaxland,"GUNEY, Oz",Liberal,2
NSW,Blaxland,"CLARE, Jason",Australian Labor Party,3
NSW,Blaxland,"ASHRAF, Nadeem",United Australia Party,4
NSW,Blaxland,"ROONEY, James",The Greens,5
NSW,Bradfield,"ADAMS, Tony",The Greens,1
NSW,Bradfield,"FLETCHER, Paul",Liberal,2
NSW,Bradfield,"VERSACE, Marcus",United Australia Party,3
NSW,Bradfield,"MOLLOY, Stephen",Sustainable Australia,4
NSW,Bradfield,"HAVILAND, Chris",Australian Labor Party,5
NSW,Calare,"ROMANO, Sam","Shooters, Fishers and Farmers",1
NSW,Calare,"CHEN, Shuyi",Christian Democratic Party (Fred Nile Group),2
NSW,Calare,"JENNINGS, Jess",Australian Labor Party,3
NSW,Calare,"CAMERON, Beverley T.",United Australia Party,4
NSW,Calare,"GEE, Andrew",The Nationals,5
NSW,Calare,"BISGROVE, Stephen",Liberal Democrats,6
NSW,Calare,"LUKE, Stephanie",The Greens,7
NSW,Chifley,"GREEN, Josh",Christian Democratic Party (Fred Nile Group),1
NSW,Chifley,"KHAN, Ammar Aziz",Independent,2
NSW,Chifley,"O'CONNOR, Joseph Oscar",United Australia Party,3
NSW,Chifley,"ROBERTSON, Brent John",The Greens,4
NSW,Chifley,"CHETTIPALLY, Livingston",Liberal,5
NSW,Chifley,"HUSIC, Ed",Australian Labor Party,6
NSW,Cook,"MORRISON, Scott",Liberal,1
NSW,Cook,"KELLY, Peter",Fraser Anning's Conservative National Party,2
NSW,Cook,"O'BRIEN, Simon",Australian Labor Party,3
NSW,Cook,"CAMERON, Gaye",Pauline Hanson's One Nation,4
NSW,Cook,"DOIG, Jon",The Greens,5
NSW,Cook,"BOLLING, Roger",Christian Democratic Party (Fred Nile Group),6
NSW,Cook,"McSWEYN, John Neil",United Australia Party,7
NSW,Cowper,"MEADS, Ruth",Christian Democratic Party (Fred Nile Group),1
NSW,Cowper,"CONAGHAN, Pat",The Nationals,2
NSW,Cowper,"STEWART, Alexander",United Australia Party,3
NSW,Cowper,"WOODWARD, Andrew",Australian Labor Party,4
NSW,Cowper,"OAKESHOTT, Robert",Independent,5
NSW,Cowper,"EDWARDS, Lauren",The Greens,6
NSW,Cowper,"PEARCE, Kellie",Animal Justice Party,7
NSW,Cowper,"GREEN, Allan",Independent,8
NSW,Cunningham,"ATLEE, Chris",Liberal,1
NSW,Cunningham,"HUXTABLE, Rowan",The Greens,2
NSW,Cunningham,"BIRD, Sharon",Australian Labor Party,3
NSW,Cunningham,"FLANAGAN, John",Non-Custodial Parents Party (Equal Parenting),4
NSW,Cunningham,"GILL, John",Sustainable Australia,5
NSW,Cunningham,"YOUNGER, Grace Louise",United Australia Party,6
NSW,Dobell,"HARPLEY-CARR, Aaron Gregory",United Australia Party,1
NSW,Dobell,"GRUNDY, Paula",Christian Democratic Party (Fred Nile Group),2
NSW,Dobell,"PILON, Jilly",Liberal,3
NSW,Dobell,"RICKARD, Scott",The Greens,4
NSW,Dobell,"McBRIDE, Emma",Australian Labor Party,5
NSW,Dobell,"STEPHENSON, Gregory Francis",Independent,6
NSW,Eden-Monaro,"KELLY, Mike",Australian Labor Party,1
NSW,Eden-Monaro,"KOTVOJS, Fiona",Liberal,2
NSW,Eden-Monaro,"McGINLAY, Pat",The Greens,3
NSW,Eden-Monaro,"SHELDON, David William",Independent,4
NSW,Eden-Monaro,"WADE, Sophie",The Nationals,5
NSW,Eden-Monaro,"HARRIS, Thomas",Christian Democratic Party (Fred Nile Group),6
NSW,Eden-Monaro,"SINGH, Chandra",United Australia Party,7
NSW,Eden-Monaro,"HOLGATE, James",Independent,8
NSW,Farrer,"LEY, Sussan",Liberal,1
NSW,Farrer,"HAMILTON, Ross",Sustainable Australia,2
NSW,Farrer,"DRABSCH, Kieran",Australian Labor Party,3
NSW,Farrer,"MACK, Kevin Francis",Independent,4
NSW,Farrer,"LANGFIELD, Philip",Christian Democratic Party (Fred Nile Group),5
NSW,Farrer,"ELLIS, Mark",Liberal Democrats,6
NSW,Farrer,"MILLS, Brian",Independent,7
NSW,Farrer,"ROSE, Michael Hunter",United Australia Party,8
NSW,Farrer,"MOSS, Dean",The Greens,9
NSW,Fowler,"MOCANU, Francesca",Christian Democratic Party (Fred Nile Group),1
NSW,Fowler,"HAYES, Chris",Australian Labor Party,2
NSW,Fowler,"JABBOUR, Joshua",United Australia Party,3
NSW,Fowler,"LEE, Seamus",The Greens,4
NSW,Fowler,"BLEWITT, Wayne",Liberal,5
NSW,Gilmore,"McCALLUM, Carmel Mary",The Greens,1
NSW,Gilmore,"SCHULTZ, Grant",Independent,2
NSW,Gilmore,"LESLIGHT, Milton",United Australia Party,3
NSW,Gilmore,"PHILLIPS, Fiona",Australian Labor Party,4
NSW,Gilmore,"KOLUKULAPALLY, Serah",Christian Democratic Party (Fred Nile Group),5
NSW,Gilmore,"HODGKINSON, Katrina",The Nationals,6
NSW,Gilmore,"MUNDINE, Warren",Liberal,7
NSW,Grayndler,"MORELLO, Majella",Science Party,1
NSW,Grayndler,"HENDERSON, Derek",Liberal,2
NSW,Grayndler,"KING-ORSBORN, Paris",United Australia Party,3
NSW,Grayndler,"CASEY, Jim",The Greens,4
NSW,Grayndler,"ALBANESE, Anthony",Australian Labor Party,5
NSW,Grayndler,"CAO, Gui Dong",Christian Democratic Party (Fred Nile Group),6
NSW,Greenway,"McFARLAND, Graham",Australian Better Families,1
NSW,Greenway,"ATKINS, Damien",The Greens,2
NSW,Greenway,"GREEN, Allan",Liberal,3
NSW,Greenway,"ROWLAND, Michelle",Australian Labor Party,4
NSW,Greenway,"FEENEY, Scott Daniel",United Australia Party,5
NSW,Greenway,"RAJADURAI, Osbourn Inparajah",Christian Democratic Party (Fred Nile Group),6
NSW,Hughes,"KELLY, Craig",Liberal,1
NSW,Hughes,"SHAKESPEARE, Mitchell",The Greens,2
NSW,Hughes,"CONSTABLE, Gae",Animal Justice Party,3
NSW,Hughes,"KEEP, Terrance",United Australia Party,4
NSW,Hughes,"STEINWALL, Diedree",Australian Labor Party,5
NSW,Hughes,"BRYAN, Matt",Independent,6
NSW,Hughes,"LIU, Leo-Ning",Christian Democratic Party (Fred Nile Group),7
NSW,Hume,"CHAMPION, Aoife",Australian Labor Party,1
NSW,Hume,"ABDO, Lynda",United Australia Party,2
NSW,Hume,"HARGRAVES, Tanya",Fraser Anning's Conservative National Party,3
NSW,Hume,"TAYLOR, Angus",Liberal,4
NSW,Hume,"POWELL, David",The Greens,5
NSW,Hume,"KINGSTON, Huw Mostyn",Independent,6
NSW,Hume,"NEBAUER, Ian Stanley",Christian Democratic Party (Fred Nile Group),7
NSW,Hunter,"BONDS, Stuart",Pauline Hanson's One Nation,1
NSW,Hunter,"ANGUS, Josh",The Nationals,2
NSW,Hunter,"MURPHY, James",Animal Justice Party,3
NSW,Hunter,"DAVIES, Paul",United Australia Party,4
NSW,Hunter,"MURRAY, Janet",The Greens,5
NSW,Hunter,"STRETTON, Richard",Christian Democratic Party (Fred Nile Group),6
NSW,Hunter,"FITZGIBBON, Joel",Australian Labor Party,7
NSW,Hunter,"BODDY, Max",Socialist Equality Party,8
NSW,Kingsford Smith,"CRUZ, James",The Greens,1
NSW,Kingsford Smith,"MANSON, Adrian",Christian Democratic Party (Fred Nile Group),2
NSW,Kingsford Smith,"THISTLETHWAITE, Matt",Australian Labor Party,3
NSW,Kingsford Smith,"CAMPBELL, Petra",Sustainable Australia,4
NSW,Kingsford Smith,"JANSSON, James",Science Party,5
NSW,Kingsford Smith,"WATSON, Adam Bruce",United Australia Party,6
NSW,Kingsford Smith,"WILMOT, Amanda",Liberal,7
NSW,Lindsay,"LEES, Brandon",Fraser Anning's Conservative National Party,1
NSW,Lindsay,"BEAMER, Diane",Australian Labor Party,2
NSW,Lindsay,"McINTOSH, Melissa",Liberal,3
NSW,Lindsay,"BEST, Nick",The Greens,4
NSW,Lindsay,"BUTTEL, Christopher",United Australia Party,5
NSW,Lindsay,"TYNDALL, Mark",Independent,6
NSW,Lindsay,"BROWN, Geoff",Sustainable Australia,7
NSW,Lindsay,"MOODY-BASEDOW, Mark K.C.",Christian Democratic Party (Fred Nile Group),8
NSW,Lindsay,"SALEAM, Jim",Australia First Party,9
NSW,Lyne,"COSTA, Phil",Australian Labor Party,1
NSW,Lyne,"GILLESPIE, David",The Nationals,2
NSW,Lyne,"BOURKE, Garry",United Australia Party,3
NSW,Lyne,"GOLDSPRING, Ryan Frederick",Fraser Anning's Conservative National Party,4
NSW,Lyne,"McCRAE, Dean",Liberal Democrats,5
NSW,Lyne,"CARUANA, Ed",Australian Workers Party,6
NSW,Lyne,"MILLER, Jeremy John",Independent,7
NSW,Lyne,"ZHAO, Catherine",Christian Democratic Party (Fred Nile Group),8
NSW,Lyne,"WATSON, Stuart",The Greens,9
NSW,Macarthur,"GENT, James",Christian Democratic Party (Fred Nile Group),1
NSW,Macarthur,"FREELANDER, Mike",Australian Labor Party,2
NSW,Macarthur,"STELLINO, Matt",Animal Justice Party,3
NSW,Macarthur,"NORMAN, Shane",Pauline Hanson's One Nation,4
NSW,Macarthur,"MUNRO, Riley",Liberal,5
NSW,Macarthur,"MURPHY, Nathan John",United Australia Party,6
NSW,Macarthur,"RIVERA, Jayden",The Greens,7
NSW,Mackellar,"LYON, David",United Australia Party,1
NSW,Mackellar,"DALY, Suzanne",Sustainable Australia,2
NSW,Mackellar,"THOMPSON, Alice",Independent,3
NSW,Mackellar,"WAWN, Pru",The Greens,4
NSW,Mackellar,"STEELE, Declan",Australian Labor Party,5
NSW,Mackellar,"FALINSKI, Jason",Liberal,6
NSW,Mackellar,"LEVETT, Greg",Christian Democratic Party (Fred Nile Group),7
NSW,Macquarie,"RICHARDS, Sarah",Liberal,1
NSW,Macquarie,"LIU, Kingsley",The Greens,2
NSW,Macquarie,"TEMPLEMAN, Susan",Australian Labor Party,3
NSW,Macquarie,"KEIGHTLEY, Greg",Animal Justice Party,4
NSW,Macquarie,"PETTITT, Tony Bryan",United Australia Party,5
NSW,McMahon,"WRIGHTSON, Meg Libby",United Australia Party,1
NSW,McMahon,"COMMANE, Damian",Pauline Hanson's One Nation,2
NSW,McMahon,"FRANCIS, Zeeshan Philip",Christian Democratic Party (Fred Nile Group),3
NSW,McMahon,"BOWEN, Chris",Australian Labor Party,4
NSW,McMahon,"O'NEILL, Astrid",The Greens,5
NSW,McMahon,"SINGHA, Vivek",Liberal,6
NSW,Mitchell,"SELVARAJ, Immanuel",Australian Labor Party,1
NSW,Mitchell,"HAWKE, Alex",Liberal,2
NSW,Mitchell,"HOPPENBROUWER, Roy Peter",United Australia Party,3
NSW,Mitchell,"HALL, Craig L",Christian Democratic Party (Fred Nile Group),4
NSW,Mitchell,"MURPHY, Lawrence",The Greens,5
NSW,New England,"LEDGER, Natasha",Independent,1
NSW,New England,"COLLINS, Julie",Christian Democratic Party (Fred Nile Group),2
NSW,New England,"LANGENBERG, Yvonne",Australian Labor Party,3
NSW,New England,"JOYCE, Barnaby",The Nationals,4
NSW,New England,"LONERGAN, Tony",The Greens,5
NSW,New England,"BLAKESTER, Adam",Independent,6
NSW,New England,"TABER, Rob",Independent,7
NSW,New England,"DUNCAN, Cindy Anne",United Australia Party,8
NSW,Newcastle,"CLAYDON, Sharon",Australian Labor Party,1
NSW,Newcastle,"MACKENZIE, John",The Greens,2
NSW,Newcastle,"WISE, Pam",Christian Democratic Party (Fred Nile Group),3
NSW,Newcastle,"SCULLY, Geoffrey",United Australia Party,4
NSW,Newcastle,"FUTTER, B.J.",The Great Australian Party,5
NSW,Newcastle,"BROLLO, Darren",Animal Justice Party,6
NSW,Newcastle,"WARK, Katrina",Liberal,7
NSW,North Sydney,"VERNON, David",Christian Democratic Party (Fred Nile Group),1
NSW,North Sydney,"STONE, Brett",Australian Labor Party,2
NSW,North Sydney,"VAGG, Peter John",United Australia Party,3
NSW,North Sydney,"KEOGH, Daniel",The Greens,4
NSW,North Sydney,"CHESTERFIELD-EVANS, Arthur",Independent,5
NSW,North Sydney,"GRAHAM, Greg",Sustainable Australia,6
NSW,North Sydney,"ZIMMERMAN, Trent",Liberal,7
NSW,Page,"LEVINY, Fiona",Independent,1
NSW,Page,"WATERS, Alison",Animal Justice Party,2
NSW,Page,"WALKER, Peter",Christian Democratic Party (Fred Nile Group),3
NSW,Page,"MUDGE, John Damian",United Australia Party,4
NSW,Page,"REID, Dan",The Greens,5
NSW,Page,"HOGAN, Kevin",The Nationals,6
NSW,Page,"DEEGAN, Patrick",Australian Labor Party,7
NSW,Parkes,"JONES, Daniel J",Liberal Democrats,1
NSW,Parkes,"COULTON, Mark",The Nationals,2
NSW,Parkes,"PAULL, David",The Greens,3
NSW,Parkes,"AYOUB, Jack",Australian Labor Party,4
NSW,Parkes,"LANDERS, Will",Independent,5
NSW,Parkes,"VAN DER STEEN, Petrus Joannes Gijsbertus",United Australia Party,6
NSW,Parramatta,"CAMENZULI, Charles",Liberal,1
NSW,Parramatta,"OWENS, Julie",Australian Labor Party,2
NSW,Parramatta,"LOKE, Ganesh Sahadev",United Australia Party,3
NSW,Parramatta,"BRADLEY, Phil",The Greens,4
NSW,Parramatta,"PAYARA, Asma",Christian Democratic Party (Fred Nile Group),5
NSW,Parramatta,"GRENFELL, Oscar",Socialist Equality Party,6
NSW,Paterson,"JOSHI, Sachin",Liberal,1
NSW,Paterson,"TURNER, Neil",Pauline Hanson's One Nation,2
NSW,Paterson,"SWANSON, Meryl",Australian Labor Party,3
NSW,Paterson,"BURSTON, Graham",United Australia Party,4
NSW,Paterson,"DAVIS, Jan",The Greens,5
NSW,Paterson,"VALE, Christopher Arthur",Christian Democratic Party (Fred Nile Group),6
NSW,Reid,"PIPER, Keith",Christian Democratic Party (Fred Nile Group),1
NSW,Reid,"JAGO, Charles",The Greens,2
NSW,Reid,"CROSBY, Sam",Australian Labor Party,3
NSW,Reid,"MARTIN, Fiona",Liberal,4
NSW,Reid,"LEE, Young",United Australia Party,5
NSW,Reid,"LAXMANALAL, Rohan",Animal Justice Party,6
NSW,Richmond,"McDONALD, Ronald",Sustainable Australia,1
NSW,Richmond,"MITCHELL, Hamish Jenkin",United Australia Party,2
NSW,Richmond,"COX, Morgan",Christian Democratic Party (Fred Nile Group),3
NSW,Richmond,"ELLIOT, Justine",Australian Labor Party,4
NSW,Richmond,"KARAM, Ray",Independent,5
NSW,Richmond,"BARNETT, Tom",Involuntary Medication Objectors (Vaccination/Fluoride) Party,6
NSW,Richmond,"FRASER, Matthew",The Nationals,7
NSW,Richmond,"LYON, Michael",The Greens,8
NSW,Riverina,"McCORMACK, Michael",The Nationals,1
NSW,Riverina,"BAYLES, Michael",The Greens,2
NSW,Riverina,"JEFFRESON, Mark",Australian Labor Party,3
NSW,Riverina,"FOLEY, Richard",United Australia Party,4
NSW,Robertson,"SINGER, Judy",Sustainable Australia,1
NSW,Robertson,"MARKS, Robert James",United Australia Party,2
NSW,Robertson,"STUCKEN, Fiona Phoebe",Christian Democratic Party (Fred Nile Group),3
NSW,Robertson,"ABRAHAMS, David Fraser",Independent,4
NSW,Robertson,"WICKS, Lucy",Liberal,5
NSW,Robertson,"CONNOR, Cath",The Greens,6
NSW,Robertson,"BREMNER YOUNG, Sean",Animal Justice Party,7
NSW,Robertson,"CHARLTON, Anne",Australian Labor Party,8
NSW,Shortland,"NEWBURY, Susan",Sustainable Australia,1
NSW,Shortland,"YU, Xing",Christian Democratic Party (Fred Nile Group),2
NSW,Shortland,"CONROY, Pat",Australian Labor Party,3
NSW,Shortland,"RIFAI, Dani",United Australia Party,4
NSW,Shortland,"CAMPBELL, Wylie",The Greens,5
NSW,Shortland,"McGRATH, Bryan",Animal Justice Party,6
NSW,Shortland,"McGILL, Nell",Liberal,7
NSW,Sydney,"MUNRO, Jacqui",Liberal,1
NSW,Sydney,"HAMMOND, Aaron",Science Party,2
NSW,Sydney,"PLIBERSEK, Tanya",Australian Labor Party,3
NSW,Sydney,"HOLT, Adam",United Australia Party,4
NSW,Sydney,"THOMPSON, Matthew",The Greens,5
NSW,Sydney,"REDDIN, Rebecca",Christian Democratic Party (Fred Nile Group),6
NSW,Warringah,"BARNES, Heather",Animal Justice Party,1
NSW,Warringah,"MOYLAN, Susan",Independent,2
NSW,Warringah,"HARRIS, Dean",Australian Labor Party,3
NSW,Warringah,"PALETTO, Emanuele",Sustainable Australia,4
NSW,Warringah,"WRIGHTSON, Suellen Marree",United Australia Party,5
NSW,Warringah,"ABBOTT, Tony",Liberal,6
NSW,Warringah,"CLARE, Brian",Fraser Anning's Conservative National Party,7
NSW,Warringah,"STEGGALL, Zali",Independent,8
NSW,Warringah,"BLAIKLOCK, Jason",Christian Democratic Party (Fred Nile Group),9
NSW,Warringah,"GLANVILLE, Kristyn",The Greens,10
NSW,Watson,"WRIGHTSON, Dean",United Australia Party,1
NSW,Watson,"SCHUBERT, Karl",Christian Democratic Party (Fred Nile Group),2
NSW,Watson,"ZENG, Raymond",Science Party,3
NSW,Watson,"de BHALDRAITHE, Emmet",The Greens,4
NSW,Watson,"BURKE, Tony",Australian Labor Party,5
NSW,Watson,"ZAMAN, Mohammad",Liberal,6
NSW,Wentworth,"DRAKE-BROCKMAN, Matthew",Independent,1
NSW,Wentworth,"MURRAY, Tim",Australian Labor Party,2
NSW,Wentworth,"BLOOMFIELD, Michael John",United Australia Party,3
NSW,Wentworth,"TREACY, Paul",Christian Democratic Party (Fred Nile Group),4
NSW,Wentworth,"SHARMA, Dave",Liberal,5
NSW,Wentworth,"KANAK, Dominic Wy",The Greens,6
NSW,Wentworth,"PHELPS, Kerryn",Independent,7
NSW,Werriwa,"STOREY, Narelle",Christian Democratic Party (Fred Nile Group),1
NSW,Werriwa,"MILLER, Shayne",Liberal,2
NSW,Werriwa,"WESTERBERG, Signe",The Greens,3
NSW,Werriwa,"WHITE, Michael",Independent,4
NSW,Werriwa,"TSIRIPLIS, Ignatios",United Australia Party,5
NSW,Werriwa,"STANLEY, Anne Maree",Australian Labor Party,6
NSW,Whitlam,"CUDA, Angelo",United Australia Party,1
NSW,Whitlam,"NERO, Frank Rodolfo",Christian Democratic Party (Fred Nile Group),2
NSW,Whitlam,"WENTWORTH, Stephen",The Nationals,3
NSW,Whitlam,"JONES, Stephen",Australian Labor Party,4
NSW,Whitlam,"DIXON, Jamie",The Greens,5
NSW,Whitlam,"DAVIS, Ken",Sustainable Australia,6
NT,Lingiari,"SNOWDON, Warren",Australian Labor Party,1
NT,Lingiari,"HANNA, George",The Greens,2
NT,Lingiari,"HODGSON, Daniel Isaac",United Australia Party,3
NT,Lingiari,"McCARTHY, Regina",Rise Up Australia Party,4
NT,Lingiari,"MacFARLANE, Hamish",Independent,5
NT,Lingiari,"PRICE, Jacinta",Country Liberals (NT),6
NT,Solomon,"GOSLING, Luke John",Australian Labor Party,1
NT,Solomon,"GIMINI, Lorraine",Rise Up Australia Party,2
NT,Solomon,"GANLEY, Kathy",Country Liberals (NT),3
NT,Solomon,"PARISH, Timothy",The Greens,4
NT,Solomon,"RAJWIN, Raj Samson",United Australia Party,5
NT,Solomon,"FRASER-ADAMS, Sue",Independent,6
QLD,Blair,"KARANDREWS, Simone",Independent,1
QLD,Blair,"FITZPATRICK, Peter John",Fraser Anning's Conservative National Party,2
QLD,Blair,"NEUMANN, Shayne Kenneth",Australian Labor Party,3
QLD,Blair,"BELL, Sharon",Pauline Hanson's One Nation,4
QLD,Blair,"SHEARMAN, Robert",Liberal National Party of Queensland,5
QLD,Blair,"ZIMPEL, Majella",United Australia Party,6
QLD,Blair,"QUINN, John",Labour DLP,7
QLD,Blair,"DUNCAN, Michelle",The Greens,8
QLD,Blair,"TURNER, John",Independent,9
QLD,Bonner,"FLITCROFT, Simon E F",United Australia Party,1
QLD,Bonner,"BELL, Barbara",The Greens,2
QLD,Bonner,"SYMES, Ian",Pauline Hanson's One Nation,3
QLD,Bonner,"VASTA, Ross",Liberal National Party of Queensland,4
QLD,Bonner,"MAYNARD, Alex",Fraser Anning's Conservative National Party,5
QLD,Bonner,"BRISKEY, Jo",Australian Labor Party,6
QLD,Bowman,"MOON, Emerald",The Greens,1
QLD,Bowman,"LAMING, Andrew",Liberal National Party of Queensland,2
QLD,Bowman,"CLARKE, Shane",United Australia Party,3
QLD,Bowman,"ANDERSON, David",Fraser Anning's Conservative National Party,4
QLD,Bowman,"WADSWORTH, Glen",Pauline Hanson's One Nation,5
QLD,Bowman,"BASTER, Tom",Australian Labor Party,6
QLD,Brisbane,"PERRY, Anne",Pauline Hanson's One Nation,1
QLD,Brisbane,"EVANS, Trevor",Liberal National Party of Queensland,2
QLD,Brisbane,"WHITTAKER, Aaron",United Australia Party,3
QLD,Brisbane,"BARTLETT, Andrew",The Greens,4
QLD,Brisbane,"JEANNERET, Rod",Fraser Anning's Conservative National Party,5
QLD,Brisbane,"NEWBURY, Paul",Australian Labor Party,6
QLD,Brisbane,"EMANUEL, Kamala",Socialist Alliance,7
QLD,Capricornia,"BAMBRICK, Paul",The Greens,1
QLD,Capricornia,"BIRKBECK, George",Katter's Australian Party (KAP),2
QLD,Capricornia,"TEMPLE, Richard",Labour DLP,3
QLD,Capricornia,"MURRAY, Ken",Independent,4
QLD,Capricornia,"LANDRY, Michelle",Liberal National Party of Queensland,5
QLD,Capricornia,"ROBERTSON, Russell",Australian Labor Party,6
QLD,Capricornia,"ROTHERY, Wade",Pauline Hanson's One Nation,7
QLD,Capricornia,"STURGEON, Lindsay",United Australia Party,8
QLD,Capricornia,"PRATT, Grant",Fraser Anning's Conservative National Party,9
QLD,Dawson,"WARE, Ann-Maree",Labour DLP,1
QLD,Dawson,"TURNER, Michael Wayne",Fraser Anning's Conservative National Party,2
QLD,Dawson,"LAWSON, Debra",Pauline Hanson's One Nation,3
QLD,Dawson,"CHRISTENSEN, George",Liberal National Party of Queensland,4
QLD,Dawson,"HASSAN, Belinda",Australian Labor Party,5
QLD,Dawson,"BUNYAN, Brendan",Katter's Australian Party (KAP),6
QLD,Dawson,"LINDENBERG, Imogen",The Greens,7
QLD,Dawson,"QUEENAN, Lachlan",Independent,8
QLD,Dawson,"THOMPSON, Colin Richard",United Australia Party,9
QLD,Dickson,"COYNE, Benedict",The Greens,1
QLD,Dickson,"DUTTON, Peter",Liberal National Party of Queensland,2
QLD,Dickson,"FRANCE, Ali",Australian Labor Party,3
QLD,Dickson,"PROHASKA, Thor",Independent,4
QLD,Dickson,"AUSTIN, Steve",United Australia Party,5
QLD,Dickson,"HALLIWELL, Carrol",Pauline Hanson's One Nation,6
QLD,Dickson,"SIMPSON, Richelle",Fraser Anning's Conservative National Party,7
QLD,Dickson,"BROHMAN, Maureen",Animal Justice Party,8
QLD,Fadden,"WELCH, Jake",Liberal Democrats,1
QLD,Fadden,"STANTON, Luz",Australian Labor Party,2
QLD,Fadden,"EATHER, Darren",Pauline Hanson's One Nation,3
QLD,Fadden,"BARBER, Allan",Fraser Anning's Conservative National Party,4
QLD,Fadden,"TURNER, Scott",The Greens,5
QLD,Fadden,"ROBERT, Stuart",Liberal National Party of Queensland,6
QLD,Fadden,"KRISCHKER, Mara",United Australia Party,7
QLD,Fairfax,"COWLING, Kylie Natasha",United Australia Party,1
QLD,Fairfax,"RYAN, Jake Luke",Fraser Anning's Conservative National Party,2
QLD,Fairfax,"ETHERIDGE, Sue",The Greens,3
QLD,Fairfax,"O'BRIEN, Ted",Liberal National Party of Queensland,4
QLD,Fairfax,"BELCHER, Richard",Sustainable Australia,5
QLD,Fairfax,"HENSELIN, Paul",Pauline Hanson's One Nation,6
QLD,Fairfax,"AUSTRALIE, Sinim",Independent,7
QLD,Fairfax,"CADART, Bertrand",Liberal Democrats,8
QLD,Fairfax,"McGLONE, Julie",Australian Labor Party,9
QLD,Fisher,"GRAY, Trevor David",United Australia Party,1
QLD,Fisher,"PARSELL, Daniel",Australian Labor Party,2
QLD,Fisher,"BURTON, Tracy",The Greens,3
QLD,Fisher,"PATERSON, Christopher",Pauline Hanson's One Nation,4
QLD,Fisher,"WALLACE, Andrew",Liberal National Party of Queensland,5
QLD,Fisher,"JESSOP, Mike",Fraser Anning's Conservative National Party,6
QLD,Fisher,"MONAGHAN, Paul",Love Australia or Leave,7
QLD,Flynn,"BEERS, Zac",Australian Labor Party,1
QLD,Flynn,"HARRIS, Nathan David",United Australia Party,2
QLD,Flynn,"BAKER, Jaiben",The Greens,3
QLD,Flynn,"PETERSON, Murray",Independent,4
QLD,Flynn,"LOHSE, Sharon",Pauline Hanson's One Nation,5
QLD,Flynn,"SCOTT, Duncan George",Independent,6
QLD,Flynn,"HIESLER, Marcus John",Fraser Anning's Conservative National Party,7
QLD,Flynn,"O'DOWD, Ken",Liberal National Party of Queensland,8
QLD,Forde,"BOWRON, Ian",Pauline Hanson's One Nation,1
QLD,Forde,"PETERSEN, Kirsty",The Greens,2
QLD,Forde,"CREIGHTON, Paul",United Australia Party,3
QLD,Forde,"VAN MANEN, Bert",Liberal National Party of Queensland,4
QLD,Forde,"HARDMAN, Des",Australian Labor Party,5
QLD,Forde,"INNES, Les",Fraser Anning's Conservative National Party,6
QLD,Griffith,"ROBERTS, Olivia",Liberal National Party of Queensland,1
QLD,Griffith,"BUTLER, Terri",Australian Labor Party,2
QLD,Griffith,"CHANDLER-MATHER, Max",The Greens,3
QLD,Griffith,"JULIUS, Christian John",United Australia Party,4
QLD,Griffith,"DARLINGTON, Julie",Pauline Hanson's One Nation,5
QLD,Griffith,"MURRAY, Tony",Fraser Anning's Conservative National Party,6
QLD,Groom,"NELLIGAN, Alyce",The Greens,1
QLD,Groom,"KING, David",Pauline Hanson's One Nation,2
QLD,Groom,"ADRELIUS, Perry",Fraser Anning's Conservative National Party,3
QLD,Groom,"McVEIGH, John",Liberal National Party of Queensland,4
QLD,Groom,"LAW, Kenneth Ian",United Australia Party,5
QLD,Groom,"KAY, Troy",Australian Labor Party,6
QLD,Herbert,"LOHSE, Amy",Pauline Hanson's One Nation,1
QLD,Herbert,"DOWLING, Greg",United Australia Party,2
QLD,Herbert,"RADECK, Nanette",Katter's Australian Party (KAP),3
QLD,Herbert,"BLACKADDER, Sam",The Greens,4
QLD,Herbert,"THOMPSON, Phillip",Liberal National Party of Queensland,5
QLD,Herbert,"DURANT, Tamara",Fraser Anning's Conservative National Party,6
QLD,Herbert,"SEVERNS, Mackenzie",Animal Justice Party,7
QLD,Herbert,"O'TOOLE, Cathy",Australian Labor Party,8
QLD,Hinkler,"HUXHAM, Damian",Pauline Hanson's One Nation,1
QLD,Hinkler,"PITT, Keith",Liberal National Party of Queensland,2
QLD,Hinkler,"JACKSON, Anne",The Greens,3
QLD,Hinkler,"NORMAN, David",Independent,4
QLD,Hinkler,"TURAGA, Moe",Independent,5
QLD,Hinkler,"ERSKINE, Aaron",Fraser Anning's Conservative National Party,6
QLD,Hinkler,"ELLUL, Joseph Kevin",United Australia Party,7
QLD,Hinkler,"BYRNES, Amy",Animal Justice Party,8
QLD,Hinkler,"PASCOE, Richard",Australian Labor Party,9
QLD,Hinkler,"WONE, Adrian Jacob",Independent,10
QLD,Kennedy,"BERTUCH, Sue",United Australia Party,1
QLD,Kennedy,"KATTER, Bob",Katter's Australian Party (KAP),2
QLD,Kennedy,"BURNESS, Lyle",The Greens,3
QLD,Kennedy,"HACKWELL, Ian Douglas",Fraser Anning's Conservative National Party,4
QLD,Kennedy,"BEVERIDGE, Frank",Liberal National Party of Queensland,5
QLD,Kennedy,"McGUIRE, Brett",Australian Labor Party,6
QLD,Leichhardt,"ASHBY, Jo",Fraser Anning's Conservative National Party,1
QLD,Leichhardt,"ANDERSON, Chad",Independent,2
QLD,Leichhardt,"FAITH, Elida",Australian Labor Party,3
QLD,Leichhardt,"MACDONALD, Ross",Pauline Hanson's One Nation,4
QLD,Leichhardt,"McCARTHY, Daniel",Katter's Australian Party (KAP),5
QLD,Leichhardt,"SACKLEY, Jen",United Australia Party,6
QLD,Leichhardt,"ENTSCH, Warren",Liberal National Party of Queensland,7
QLD,Leichhardt,"OLIVER, Gary",The Greens,8
QLD,Lilley,"BELL-HENSELIN, Tracey",Pauline Hanson's One Nation,1
QLD,Lilley,"COLES, Don",Fraser Anning's Conservative National Party,2
QLD,Lilley,"CROOK, Mike",Socialist Alliance,3
QLD,Lilley,"CARSWELL, Brad",Liberal National Party of Queensland,4
QLD,Lilley,"WELLS, Anika",Australian Labor Party,5
QLD,Lilley,"MEYER, John",The Greens,6
QLD,Lilley,"McCLAER, David Bruce",United Australia Party,7
QLD,Longman,"YOUNG, Terry",Liberal National Party of Queensland,1
QLD,Longman,"MAHER, Bailey James",United Australia Party,2
QLD,Longman,"YOUNG, Jono",Australian Progressives,3
QLD,Longman,"LAMB, Susan",Australian Labor Party,4
QLD,Longman,"SCHUBACK, Peter Keith",Australia First Party,5
QLD,Longman,"THOMSON, Matthew",Pauline Hanson's One Nation,6
QLD,Longman,"PAULKE, Dave",Fraser Anning's Conservative National Party,7
QLD,Longman,"DEJUN, Simone",The Greens,8
QLD,Maranoa,"LITTLE, Linda",Australian Labor Party,1
QLD,Maranoa,"LITTLEPROUD, David",Liberal National Party of Queensland,2
QLD,Maranoa,"WALLIS, Anthony",Katter's Australian Party (KAP),3
QLD,Maranoa,"SAUNDERS, Julie Marie",United Australia Party,4
QLD,Maranoa,"CHRISTIANSEN, Darren Lee",Fraser Anning's Conservative National Party,5
QLD,Maranoa,"MOULDEN, Rosemary",Pauline Hanson's One Nation,6
QLD,Maranoa,"CHIDLEY, Emmeline",The Greens,7
QLD,McPherson,"SANTELISES, Aaron",Australian Labor Party,1
QLD,McPherson,"CROWE, Scott",Liberal Democrats,2
QLD,McPherson,"KAFF, Michael",Independent,3
QLD,McPherson,"QUINN, Alan",The Greens,4
QLD,McPherson,"ANDREWS, Karen",Liberal National Party of Queensland,5
QLD,McPherson,"GAFFY, Sean Gordon",Fraser Anning's Conservative National Party,6
QLD,McPherson,"STEWART, Renee",Animal Justice Party,7
QLD,McPherson,"MacKENZIE, Fiona Kay",United Australia Party,8
QLD,McPherson,"SPELLMAN, John",Pauline Hanson's One Nation,9
QLD,Moncrieff,"FREEMAN, Karla",Animal Justice Party,1
QLD,Moncrieff,"BELL, Angie",Liberal National Party of Queensland,2
QLD,Moncrieff,"SIBSON, Vanessa",Pauline Hanson's One Nation,3
QLD,Moncrieff,"SPAIN, Sally",The Greens,4
QLD,Moncrieff,"EILOLA, Garry Paul",United Australia Party,5
QLD,Moncrieff,"LONG, Darren Alan",Fraser Anning's Conservative National Party,6
QLD,Moncrieff,"BELL, Tracey",Australian Labor Party,7
QLD,Moncrieff,"GRYPHON, S",Liberal Democrats,8
QLD,Moreton,"NIEASS, Aaron",Fraser Anning's Conservative National Party,1
QLD,Moreton,"PERRETT, Graham",Australian Labor Party,2
QLD,Moreton,"O'BRIEN, Patsy",The Greens,3
QLD,Moreton,"LAWRENCE, William",Pauline Hanson's One Nation,4
QLD,Moreton,"OWEN, Angela",Liberal National Party of Queensland,5
QLD,Moreton,"BROWN, Jenny-Rebecca",United Australia Party,6
QLD,Oxley,"BAUER, Russell",Liberal National Party of Queensland,1
QLD,Oxley,"PURCELL, Steven",The Greens,2
QLD,Oxley,"DICK, Milton",Australian Labor Party,3
QLD,Oxley,"FERGUSON, Ian Maurice",United Australia Party,4
QLD,Oxley,"LINDBOM, Janet",Pauline Hanson's One Nation,5
QLD,Oxley,"HEAD, Mike",Socialist Equality Party,6
QLD,Oxley,"MOERLAND, Scott",Fraser Anning's Conservative National Party,7
QLD,Petrie,"HOPKINS, Troy",United Australia Party,1
QLD,Petrie,"HOWARTH, Luke",Liberal National Party of Queensland,2
QLD,Petrie,"AAI REDDY, Nikhil",Pauline Hanson's One Nation,3
QLD,Petrie,"MULHOLLAND, Corinne",Australian Labor Party,4
QLD,Petrie,"FOWLER, Neville John",Fraser Anning's Conservative National Party,5
QLD,Petrie,"KENNEDY, Jason",The Greens,6
QLD,Rankin,"CHALMERS, Jim",Australian Labor Party,1
QLD,Rankin,"REDDY, Shyamal",United Australia Party,2
QLD,Rankin,"COTTER, Neil",The Greens,3
QLD,Rankin,"SCHNEIDER, Jesse",Pauline Hanson's One Nation,4
QLD,Rankin,"ANDREWS, Peter James",Fraser Anning's Conservative National Party,5
QLD,Rankin,"DAVIES, Ric",Liberal Democrats,6
QLD,Rankin,"PATTISON, Clinton",Liberal National Party of Queensland,7
QLD,Rankin,"MOHAMMAD, Yusuf",,8
QLD,Ryan,"COSSAR, Peter",Australian Labor Party,1
QLD,Ryan,"CROUCH, Larry Edward",United Australia Party,2
QLD,Ryan,"WEBB, Joanne",Animal Justice Party,3
QLD,Ryan,"MILES, Rodney",Pauline Hanson's One Nation,4
QLD,Ryan,"SIMMONDS, Julian",Liberal National Party of Queensland,5
QLD,Ryan,"SCHOERMER, Jake",The Greens,6
QLD,Ryan,"BANKS, Andrew",Fraser Anning's Conservative National Party,7
QLD,Wide Bay,"BRYAR, Daniel",The Greens,1
QLD,Wide Bay,"SCANES, Jason",Australian Labor Party,2
QLD,Wide Bay,"SCHEBELLA, Andrew",United Australia Party,3
QLD,Wide Bay,"O'BRIEN, Llew",Liberal National Party of Queensland,4
QLD,Wide Bay,"JEROME, Tim",Independent,5
QLD,Wide Bay,"SMITH, Jasmine",Fraser Anning's Conservative National Party,6
QLD,Wide Bay,"VICO, Aaron",Pauline Hanson's One Nation,7
QLD,Wright,"WRIGHT, David William",United Australia Party,1
QLD,Wright,"GIRARD, Shannon",The Greens,2
QLD,Wright,"LARKIN, Innes",Independent,3
QLD,Wright,"McCREADIE, Pam",Australian Labor Party,4
QLD,Wright,"SMITH, Rod",Fraser Anning's Conservative National Party,5
QLD,Wright,"TOMLINSON, Matthew",Katter's Australian Party (KAP),6
QLD,Wright,"O'CALLAGHAN, Chris",Pauline Hanson's One Nation,7
QLD,Wright,"BUCHHOLZ, Scott",Liberal National Party of Queensland,8
SA,Adelaide,"JAMES, Chris",Australian Democrats,1
SA,Adelaide,"POCOCK, Barbara",The Greens,2
SA,Adelaide,"GEORGANAS, Steve",Australian Labor Party,3
SA,Adelaide,"KANGAS, Deanna",Animal Justice Party,4
SA,Adelaide,"OSBORN, Shaun",Liberal,5
SA,Adelaide,"REA, Antonio",United Australia Party,6
SA,Barker,"HILLAM, Rosa",The Greens,1
SA,Barker,"BACHER, Bert",United Australia Party,2
SA,Barker,"PASIN, Tony",Liberal,3
SA,Barker,"ECKERMANN, Karen",Animal Justice Party,4
SA,Barker,"GLADIGAU, Kelly",Centre Alliance,5
SA,Barker,"HANNEMANN, Miles",The Nationals,6
SA,Barker,"O'BRIEN, Mat",Australian Labor Party,7
SA,Boothby,"RUSSELL, Geoff",Animal Justice Party,1
SA,Boothby,"ROZITIS, Stef",The Greens,2
SA,Boothby,"CHEOK, Adrian David",Fraser Anning's Conservative National Party,3
SA,Boothby,"WONG, Carol",Rise Up Australia Party,4
SA,Boothby,"FLINT, Nicolle",Liberal,5
SA,Boothby,"CLANCY, Nadia",Australian Labor Party,6
SA,Boothby,"SALERNO, Peter",United Australia Party,7
SA,Boothby,"JONES, Trevor",Independent,8
SA,Grey,"EDGECOMBE, Jacqui",Animal Justice Party,1
SA,Grey,"BOLTON, Karin",Australian Labor Party,2
SA,Grey,"STONE, David",Pauline Hanson's One Nation,3
SA,Grey,"CARMODY, Richard",Independent,4
SA,Grey,"WARREN, Alexander David",United Australia Party,5
SA,Grey,"RAMSEY, Rowan",Liberal,6
SA,Grey,"BROADFOOT, Andrea",Centre Alliance,7
SA,Grey,"CHAMPION, Candace",The Greens,8
SA,Hindmarsh,"VAID, Rajan",Fraser Anning's Conservative National Party,1
SA,Hindmarsh,"MORRIS, Rose",United Australia Party,2
SA,Hindmarsh,"BUTLER, Mark",Australian Labor Party,3
SA,Hindmarsh,"KELTY, Alison",Animal Justice Party,4
SA,Hindmarsh,"HALL-EVANS, Jake",Liberal,5
SA,Hindmarsh,"FARRELL, Matt",The Greens,6
SA,Kingston,"RISHWORTH, Amanda",Australian Labor Party,1
SA,Kingston,"CURRAN, Laura",Liberal,2
SA,Kingston,"MORTIER, Nikki",The Greens,3
SA,Kingston,"SOMERS, Kellie",Animal Justice Party,4
SA,Kingston,"HOSKIN, Jodie Anne",United Australia Party,5
SA,Makin,"ZAPPIA, Tony",Australian Labor Party,1
SA,Makin,"DAVE, Hemant",Liberal,2
SA,Makin,"GASTON, Lyn",Animal Justice Party,3
SA,Makin,"STEWART, Stephanie",The Greens,4
SA,Makin,"COLLIS, Rachel",United Australia Party,5
SA,Mayo,"DOWNER, Georgina",Liberal,1
SA,Mayo,"BOURNE, Anne",The Greens,2
SA,Mayo,"DOWLAND, Helen",Animal Justice Party,3
SA,Mayo,"CANE, Michael",United Australia Party,4
SA,Mayo,"GERHARDY, Saskia",Australian Labor Party,5
SA,Mayo,"SHARKIE, Rebekha",Centre Alliance,6
SA,Spence,"CHAMPION, Nick",Australian Labor Party,1
SA,Spence,"BOURNE, Kathleen",Liberal,2
SA,Spence,"FIEDLER, Ron",United Australia Party,3
SA,Spence,"JURY, Daniel",The Greens,4
SA,Spence,"KUHLMANN, Rita",Animal Justice Party,5
SA,Spence,"HERBERT, Nathan",Independent,6
SA,Sturt,"BOUNDY, Paul",The Greens,1
SA,Sturt,"STEVENS, James",Liberal,2
SA,Sturt,"O'HANLON, Cressida",Australian Labor Party,3
SA,Sturt,"ROBERTS, Harbinda",Animal Justice Party,4
SA,Sturt,"HARDING, Hedley",United Australia Party,5
SA,Sturt,"THOMAS, Colin",Child Protection Party,6
SA,Sturt,"FULCO, Angela",Australian Progressives,7
SA,Sturt,"LARCOMBE, Nick",Independent,8
TAS,Bass,"HALL, Tom",The Greens,1
TAS,Bass,"HART, Ross",Australian Labor Party,2
TAS,Bass,"WOODBURY, Susan",Animal Justice Party,3
TAS,Bass,"ARCHER, Bridget",Liberal,4
TAS,Bass,"LAMBERT, Todd",Independent,5
TAS,Bass,"ROARK, Allan John",United Australia Party,6
TAS,Bass,"COOPER, Carl",The Nationals,7
TAS,Braddon,"SPAULDING, Karen Wendy",United Australia Party,1
TAS,Braddon,"BRAKEY, Craig",Independent,2
TAS,Braddon,"ALLAN, Shane",Fraser Anning's Conservative National Party,3
TAS,Braddon,"PEARCE, Gavin",Liberal,4
TAS,Braddon,"MILBOURNE, Sally",The Nationals,5
TAS,Braddon,"PARSONS, Phill",The Greens,6
TAS,Braddon,"SMITH, Brett Michael",Independent,7
TAS,Braddon,"KEAY, Justine",Australian Labor Party,8
TAS,Braddon,"GALLAHER, Graham",Pauline Hanson's One Nation,9
TAS,Clark,"WILKIE, Andrew",Independent,1
TAS,Clark,"McGREGOR, Ben",Australian Labor Party,2
TAS,Clark,"MARKHAM, Amanda-Sue",Liberal,3
TAS,Clark,"SHAW, Juniper",The Greens,4
TAS,Clark,"STARKEY, Jim",United Australia Party,5
TAS,Franklin,"DARKO, Kit",The Greens,1
TAS,Franklin,"YOUNG, Dean",Liberal,2
TAS,Franklin,"HAWES, Darren John",Fraser Anning's Conservative National Party,3
TAS,Franklin,"COLLINS, Julie",Australian Labor Party,4
TAS,Franklin,"WINTER, Darren",United Australia Party,5
TAS,Lyons,"HUTCHINSON, Deanna",The Nationals,1
TAS,Lyons,"MITCHELL, Brian",Australian Labor Party,2
TAS,Lyons,"WHISSON, Gary",The Greens,3
TAS,Lyons,"MURTAGH, Tennille",Pauline Hanson's One Nation,4
TAS,Lyons,"WHELAN, Jessica",Liberal,5
TAS,Lyons,"WARNE, Michael",United Australia Party,6
VIC,Aston,"TUDGE, Alan",Liberal,1
VIC,Aston,"COOKSON, Asher",The Greens,2
VIC,Aston,"PETHIYAGODA, Kadira",Australian Labor Party,3
VIC,Aston,"SIRIANNI-DUFFY, Matthew",United Australia Party,4
VIC,Aston,"KENNEDY, Anna",Labour DLP,5
VIC,Ballarat,"HILLS, Bryn",Animal Justice Party,1
VIC,Ballarat,"COZYN, Peter",United Australia Party,2
VIC,Ballarat,"GRAHAM, Alex",Independent,3
VIC,Ballarat,"SHADY, Nick",Independent,4
VIC,Ballarat,"McALOON, Karen",The Greens,5
VIC,Ballarat,"VO, Tim",Liberal,6
VIC,Ballarat,"KING, Catherine",Australian Labor Party,7
VIC,Bendigo,"BUDDE, Sharon",Rise Up Australia Party,1
VIC,Bendigo,"HOLIAN, Robert",The Greens,2
VIC,Bendigo,"CHESTERS, Lisa",Australian Labor Party,3
VIC,Bendigo,"VEITCH, Adam",United Australia Party,4
VIC,Bendigo,"GAYED, Sam",Liberal,5
VIC,Bendigo,"WILLIAMS, Vaughan",Pauline Hanson's One Nation,6
VIC,Bendigo,"HOSKIN, Julie",Fraser Anning's Conservative National Party,7
VIC,Bruce,"BOYANTON, Tim",Fraser Anning's Conservative National Party,1
VIC,Bruce,"AHMED, Mubahil",United Australia Party,2
VIC,Bruce,"MacISAAC, John",Liberal,3
VIC,Bruce,"HILL, Julian",Australian Labor Party,4
VIC,Bruce,"GARAD, Rhonda",The Greens,5
VIC,Calwell,"KERR, Keith",Citizens Electoral Council,1
VIC,Calwell,"MORGAN, Polly",The Greens,2
VIC,Calwell,"VAMVAKINOU, Maria",Australian Labor Party,3
VIC,Calwell,"VAIL, Adam",Fraser Anning's Conservative National Party,4
VIC,Calwell,"SMALL, Jerome",Victorian Socialists,5
VIC,Calwell,"CHHABRA, Prakul",United Australia Party,6
VIC,Calwell,"BYRNE, Peter",Socialist Equality Party,7
VIC,Calwell,"HAMILTON, Genevieve",Liberal,8
VIC,Casey,"CHARLETON, Peter",Independent,1
VIC,Casey,"CALABRO, Antony",Rise Up Australia Party,2
VIC,Casey,"McPHEE, Ross",Labour DLP,3
VIC,Casey,"BARKER, Travis",Animal Justice Party,4
VIC,Casey,"STARKEY, Wendy",United Australia Party,5
VIC,Casey,"CLARK, Ryan Leslie",Derryn Hinch's Justice Party,6
VIC,Casey,"SMITH, Tony",Liberal,7
VIC,Casey,"BRINDLE, Bill",Australian Labor Party,8
VIC,Casey,"GAME-LOPATA, Jenny",The Greens,9
VIC,Casey,"O'CONNOR, Jayden",The Great Australian Party,10
VIC,Chisholm,"DOBBY, Ian",Independent,1
VIC,Chisholm,"DORIAN, Angela Mary",Rise Up Australia Party,2
VIC,Chisholm,"ARTHUR, Luke",The Greens,3
VIC,Chisholm,"LIU, Gladys",Liberal,4
VIC,Chisholm,"LAVIN, Rosemary",Animal Justice Party,5
VIC,Chisholm,"WICKS, Anne",Derryn Hinch's Justice Party,6
VIC,Chisholm,"ZORAYA, George",United Australia Party,7
VIC,Chisholm,"YANG, Jennifer",Australian Labor Party,8
VIC,Chisholm,"JENKINS, Philip",Labour DLP,9
VIC,Cooper,"VAN LIESHOUT, Teresa",Independent,1
VIC,Cooper,"RUSSELL, Sarah",Reason Australia,2
VIC,Cooper,"NANGLE, Brett",United Australia Party,3
VIC,Cooper,"RICHINGS, Nadine",Animal Justice Party,4
VIC,Cooper,"RISSTROM, David",The Greens,5
VIC,Cooper,"LARKIN, Kath",Victorian Socialists,6
VIC,Cooper,"KEARNEY, Ged",Australian Labor Party,7
VIC,Cooper,"BELL, Andrew",Liberal,8
VIC,Corangamite,"ERSKINE, Ian",Rise Up Australia Party,1
VIC,Corangamite,"COKER, Libby",Australian Labor Party,2
VIC,Corangamite,"NORTHEAST, Simon",The Greens,3
VIC,Corangamite,"ADAMS, Naomi",Animal Justice Party,4
VIC,Corangamite,"COLE, Damien",Independent,5
VIC,Corangamite,"HENDERSON, Sarah",Liberal,6
VIC,Corangamite,"HARVEY, Neil",United Australia Party,7
VIC,Corangamite,"GRIMLEY, Mandy",Derryn Hinch's Justice Party,8
VIC,Corio,"MARLES, Richard",Australian Labor Party,1
VIC,Corio,"THOMSON, Alastair",Liberal,2
VIC,Corio,"FORBES, Amber",The Greens,3
VIC,Corio,"SANBORN, Desmond",United Australia Party,4
VIC,Deakin,"SULLIVAN, Ellie Jean",Derryn Hinch's Justice Party,1
VIC,Deakin,"JANSON, Vickie",Independent,2
VIC,Deakin,"SUN, Sophia",The Greens,3
VIC,Deakin,"SUKKAR, Michael",Liberal,4
VIC,Deakin,"WILDE, Milton",United Australia Party,5
VIC,Deakin,"COSTANTINO, Vinita",Animal Justice Party,6
VIC,Deakin,"MORRIS, Shireen",Australian Labor Party,7
VIC,Deakin,"van der HORST, Joel",Labour DLP,8
VIC,Dunkley,"O'CONNELL, Lachlan Andrew",Derryn Hinch's Justice Party,1
VIC,Dunkley,"JOHNSTON, Elizabeth",Animal Justice Party,2
VIC,Dunkley,"JEAN, Ron",United Australia Party,3
VIC,Dunkley,"MURPHY, Peta",Australian Labor Party,4
VIC,Dunkley,"GREEN, Emily",The Greens,5
VIC,Dunkley,"CREWTHER, Chris",Liberal,6
VIC,Dunkley,"JAMES, Christopher Ronald",Fraser Anning's Conservative National Party,7
VIC,Dunkley,"GENTLE, Yvonne",Rise Up Australia Party,8
VIC,Flinders,"DREGER, Harry",Independent,1
VIC,Flinders,"PERSSON, James",Animal Justice Party,2
VIC,Flinders,"HUNT, Greg",Liberal,3
VIC,Flinders,"SMITH, Reade",Sustainable Australia,4
VIC,Flinders,"SINCLAIR, Josh",Australian Labor Party,5
VIC,Flinders,"LESSLIE, Nathan",The Greens,6
VIC,Flinders,"McSHANE, Christine",United Australia Party,7
VIC,Flinders,"BANKS, Julia",Independent,8
VIC,Flinders,"BEVERIDGE, Susie",Independent,9
VIC,Fraser,"CHAU, Vinh Van",United Australia Party,1
VIC,Fraser,"BAIN, Peter",Liberal,2
VIC,Fraser,"MULINO, Daniel",Australian Labor Party,3
VIC,Fraser,"DOBRAN, Tony",The Great Australian Party,4
VIC,Fraser,"SCORGIE, Rebecca",The Greens,5
VIC,Fraser,"TRAN, Van",Independent,6
VIC,Gellibrand,"WATTS, Tim",Australian Labor Party,1
VIC,Gellibrand,"THOMAS, Bernadette",The Greens,2
VIC,Gellibrand,"MITCHELL, Anthony",Liberal,3
VIC,Gellibrand,"BENTLEY, Lisa Maree",United Australia Party,4
VIC,Gippsland,"SNELLING, David","Shooters, Fishers and Farmers",1
VIC,Gippsland,"TICKNER, Neville Phillip",Fraser Anning's Conservative National Party,2
VIC,Gippsland,"BREWER, Kerri Jane",United Australia Party,3
VIC,Gippsland,"HOLM, Antoinette",Australian Labor Party,4
VIC,Gippsland,"BUCKLEY, Sonia",Independent,5
VIC,Gippsland,"CHESTER, Darren",The Nationals,6
VIC,Gippsland,"FOSKEY, Deb",The Greens,7
VIC,Goldstein,"CONNOLLY, Wayne",United Australia Party,1
VIC,Goldstein,"HOULT, Brandon James",Sustainable Australia,2
VIC,Goldstein,"POLLOCK, Daniel",Australian Labor Party,3
VIC,Goldstein,"PENNICUIK, Sue",The Greens,4
VIC,Goldstein,"WILSON, Tim",Liberal,5
VIC,Goldstein,"CASLEY, John Tiger",Independent,6
VIC,Gorton,"TURTON, Richard",United Australia Party,1
VIC,Gorton,"BINGHAM, Jarrod",Independent,2
VIC,Gorton,"SINGH, Harkirat",The Greens,3
VIC,Gorton,"O'CONNOR, Brendan",Australian Labor Party,4
VIC,Gorton,"DI NOIA, Nathan",Liberal,5
VIC,Higgins,"BALL, Jason",The Greens,1
VIC,Higgins,"MORAN, Michaela",Sustainable Australia,2
VIC,Higgins,"WALKER, Alicia",Animal Justice Party,3
VIC,Higgins,"ALLEN, Katie",Liberal,4
VIC,Higgins,"McLEOD, Fiona",Australian Labor Party,5
VIC,Higgins,"RYAN, Tim",United Australia Party,6
VIC,Holt,"BYRNE, Anthony",Australian Labor Party,1
VIC,Holt,"WHEELOCK, Jess",The Greens,2
VIC,Holt,"SINGH, Jatinder",United Australia Party,3
VIC,Holt,"VAN DEN BROEK, Jennifer",Liberal,4
VIC,Hotham,"LUAN, Jin",United Australia Party,1
VIC,Hotham,"O'NEIL, Clare",Australian Labor Party,2
VIC,Hotham,"HUA, George",Liberal,3
VIC,Hotham,"GONSALVEZ, Jess",The Greens,4
VIC,Hotham,"DORIAN, Peter",Rise Up Australia Party,5
VIC,Hotham,"BILIC, Dennis",Sustainable Australia,6
VIC,Indi,"ROBINSON, Helen",The Greens,1
VIC,Indi,"WHALLEY, Jason Peter",Derryn Hinch's Justice Party,2
VIC,Indi,"HAINES, Helen",Independent,3
VIC,Indi,"MARTIN, Steve",Liberal,4
VIC,Indi,"BYATT, Mark",The Nationals,5
VIC,Indi,"WHEATLAND, Shane",United Australia Party,6
VIC,Indi,"KERR, Eric",Australian Labor Party,7
VIC,Isaacs,"SAMIOTIS, Kim",The Greens,1
VIC,Isaacs,"HEARN, Jeremy",Liberal,2
VIC,Isaacs,"PUVIMANASINGHE, Ash",Rise Up Australia Party,3
VIC,Isaacs,"CURRIE, Bronwyn",Animal Justice Party,4
VIC,Isaacs,"DREYFUS, Mark",Australian Labor Party,5
VIC,Isaacs,"SEALS, Tony",United Australia Party,6
VIC,Jagajaga,"RIGONI, Maria Marcia",United Australia Party,1
VIC,Jagajaga,"THWAITES, Kate",Australian Labor Party,2
VIC,Jagajaga,"TRUSCOTT, Jeff",Rise Up Australia Party,3
VIC,Jagajaga,"WELCH, Richard",Liberal,4
VIC,Jagajaga,"KENNEDY, Paul",The Greens,5
VIC,Kooyong,"D'ELIA, Steven",United Australia Party,1
VIC,Kooyong,"YATES, Oliver",Independent,2
VIC,Kooyong,"ZUBAC, Angelina",Independent,3
VIC,Kooyong,"FRYDENBERG, Josh",Liberal,4
VIC,Kooyong,"STEWART, Jana",Australian Labor Party,5
VIC,Kooyong,"HINKLEY, Davina",Animal Justice Party,6
VIC,Kooyong,"BURNSIDE, Julian",The Greens,7
VIC,Kooyong,"CHANDLER, Bill",Independent,8
VIC,La Trobe,"GREGOROVICH, Amy",The Greens,1
VIC,La Trobe,"BAKER, Norman",Rise Up Australia Party,2
VIC,La Trobe,"WOOD, Jason",Liberal,3
VIC,La Trobe,"BAKER, Esther",Pauline Hanson's One Nation,4
VIC,La Trobe,"DEAN, Duncan",United Australia Party,5
VIC,La Trobe,"CURTIS, Simon",Australian Labor Party,6
VIC,La Trobe,"CALWELL-BROWNE, Asher Joseph",Derryn Hinch's Justice Party,7
VIC,Lalor,"JAKOBI, Susan",Australia First Party,1
VIC,Lalor,"MURPHY, Gayle",Liberal,2
VIC,Lalor,"RYAN, Joanne",Australian Labor Party,3
VIC,Lalor,"ROBINSON, Jeffrey Edward",United Australia Party,4
VIC,Lalor,"DESSI, Jay",The Greens,5
VIC,Lalor,"MOINUDDIN, Aijaz",,6
VIC,Macnamara,"O'ROURKE, Ruby",Independent,1
VIC,Macnamara,"HODGINS-MAY, Steph",The Greens,2
VIC,Macnamara,"ARMSTRONG, Steven",Sustainable Australia,3
VIC,Macnamara,"ASHMOR, Kate",Liberal,4
VIC,Macnamara,"WALLIS, Chris",Independent,5
VIC,Macnamara,"McPHERSON, Craig",Animal Justice Party,6
VIC,Macnamara,"KAY, Christine",Rise Up Australia Party,7
VIC,Macnamara,"PATON, Helen Lucy",United Australia Party,8
VIC,Macnamara,"BURNS, Josh",Australian Labor Party,9
VIC,Mallee,"PETROVICH, Serge",Liberal,1
VIC,Mallee,"MOAR, Cecilia",Independent,2
VIC,Mallee,"MODICA, Jason Mark",Independent,3
VIC,Mallee,"GROSVENOR, Rick",Fraser Anning's Conservative National Party,4
VIC,Mallee,"WEBSTER, Anne",The Nationals,5
VIC,Mallee,"LAHY, Chris",Citizens Electoral Council,6
VIC,Mallee,"MOLLISON, Philip",Rise Up Australia Party,7
VIC,Mallee,"HART, Carole",Australian Labor Party,8
VIC,Mallee,"FIRMAN, Leigh",Science Party,9
VIC,Mallee,"KINGSTON, Ray",Independent,10
VIC,Mallee,"STRAUB, Dan","Shooters, Fishers and Farmers",11
VIC,Mallee,"MILLAR, Rick",United Australia Party,12
VIC,Mallee,"ROWAN, Nicole",The Greens,13
VIC,Maribyrnong,"HASAN, MD Sarwar",United Australia Party,1
VIC,Maribyrnong,"WILLIAMS, James",The Greens,2
VIC,Maribyrnong,"SHORTEN, Bill",Australian Labor Party,3
VIC,Maribyrnong,"STOW, Christine",Liberal,4
VIC,McEwen,"BARKER, Neil",The Greens,1
VIC,McEwen,"PARRAMORE, Ruth",Animal Justice Party,2
VIC,McEwen,"MITCHELL, Rob",Australian Labor Party,3
VIC,McEwen,"FUSCO, Phillip",Liberal,4
VIC,McEwen,"BUTLER, Deb",Derryn Hinch's Justice Party,5
VIC,McEwen,"HYNDMAN, Robert James",Independent,6
VIC,McEwen,"GRAHAM, Ronnie",Pauline Hanson's One Nation,7
VIC,McEwen,"HAYMAN, Chris",United Australia Party,8
VIC,Melbourne,"RYAN, Judy",Reason Australia,1
VIC,Melbourne,"BANDT, Adam",The Greens,2
VIC,Melbourne,"BLAKE, Dave",Independent,3
VIC,Melbourne,"POPE, Lawrence",Animal Justice Party,4
VIC,Melbourne,"SHERSON, Lauren",Liberal,5
VIC,Melbourne,"CREASEY, Luke",Australian Labor Party,6
VIC,Melbourne,"PECORA, Tony",United Australia Party,7
VIC,Menzies,"KELLEHER, Teresa Mary",Labour DLP,1
VIC,Menzies,"ANDREWS, Kevin",Liberal,2
VIC,Menzies,"YEE, Stella",Australian Labor Party,3
VIC,Menzies,"PAYNE, Rachel",Reason Australia,4
VIC,Menzies,"FULLER, Brett Stephen",United Australia Party,5
VIC,Menzies,"HUMPHREYS, Robert",The Greens,6
VIC,Monash,"VERHOEVEN, John",Independent,1
VIC,Monash,"FOZARD, Michael Stewart",Independent,2
VIC,Monash,"WADDELL, Jeff",Pauline Hanson's One Nation,3
VIC,Monash,"O'DONNELL, Jessica",Australian Labor Party,4
VIC,Monash,"HORNSTRA, William",The Greens,5
VIC,Monash,"BROADBENT, Russell",Liberal,6
VIC,Monash,"SHERRY, Matthew",United Australia Party,7
VIC,Nicholls,"DRUM, Damian",The Nationals,1
VIC,Nicholls,"PARKER, Jeremy",Independent,2
VIC,Nicholls,"BOCK, Andrew",Independent,3
VIC,Nicholls,"HINE, Stewart John",United Australia Party,4
VIC,Nicholls,"LODWICK, Bill",Australian Labor Party,5
VIC,Nicholls,"FREEMAN, Nickee",The Greens,6
VIC,Nicholls,"TYRRELL, Rikkie-Lee",Pauline Hanson's One Nation,7
VIC,Nicholls,"HICKS, Nigel",Independent,8
VIC,Scullin,"GILES, Andrew",Australian Labor Party,1
VIC,Scullin,"HASAN, Firas",United Australia Party,2
VIC,Scullin,"SMITH, Cynthia",The Greens,3
VIC,Scullin,"WHITFIELD, Rod",Animal Justice Party,4
VIC,Scullin,"SINGH, Gurpal",Liberal,5
VIC,Scullin,"ALBARRI, Yassin Akram",Independent,6
VIC,Wannon,"TAYLOR, Zephlyn",The Greens,1
VIC,Wannon,"WALLACE, Joshua",United Australia Party,2
VIC,Wannon,"BILLI, Maurice",Australian Labor Party,3
VIC,Wannon,"DYSON, Alex",Independent,4
VIC,Wannon,"TEHAN, Dan",Liberal,5
VIC,Wills,"MILES, Chris",Animal Justice Party,1
VIC,Wills,"BOLTON, Sue",Victorian Socialists,2
VIC,Wills,"KILLIN, Peter",Liberal,3
VIC,Wills,"PULFORD, Adam",The Greens,4
VIC,Wills,"VENKAT, Manju",United Australia Party,5
VIC,Wills,"KHALIL, Peter",Australian Labor Party,6
WA,Brand,"VANDER VEN, Janine Joy",Australian Christians,1
WA,Brand,"KING, Madeleine",Australian Labor Party,2
WA,Brand,"PLEITER, Jack",Liberal,3
WA,Brand,"MILLS, Karen-Lee",Fraser Anning's Conservative National Party,4
WA,Brand,"FREEMAN, Jody",The Greens,5
WA,Brand,"JONES, Trevor",United Australia Party,6
WA,Brand,"PHELAN, Blake",Western Australia Party,7
WA,Brand,"CARTER, Travis",Pauline Hanson's One Nation,8
WA,Burt,"COLLINS, Simone",The Greens,1
WA,Burt,"KEOGH, Matt",Australian Labor Party,2
WA,Burt,"DEVINCENTIS, Nicole",Pauline Hanson's One Nation,3
WA,Burt,"SAGISAKA, Sarcha",Western Australia Party,4
WA,Burt,"NATION, Naomi",Independent,5
WA,Burt,"GOODE, David",Liberal,6
WA,Burt,"CHAWLA, Sahil",United Australia Party,7
WA,Burt,"SPYKER, Warnar",Australian Christians,8
WA,Burt,"RAFFAELLI, Peter Joseph","Shooters, Fishers and Farmers",9
WA,Canning,"HEFFERNAN, Malcolm Phillip",Fraser Anning's Conservative National Party,1
WA,Canning,"WREFORD, Jackson",Pauline Hanson's One Nation,2
WA,Canning,"van BURGEL, Jamie",Australian Christians,3
WA,Canning,"MOFFAT, Jodie",The Greens,4
WA,Canning,"VEEVERS, Steve",United Australia Party,5
WA,Canning,"HASTIE, Andrew",Liberal,6
WA,Canning,"TEEDE, Mellisa",Australian Labor Party,7
WA,Canning,"CLARKE, Brett",Western Australia Party,8
WA,Cowan,"COOPER, Mark",The Greens,1
WA,Cowan,"ALY, Anne",Australian Labor Party,2
WA,Cowan,"WESTCOTT, Peter",United Australia Party,3
WA,Cowan,"LEBRASSE, Andre",Australian Christians,4
WA,Cowan,"MUNDY, Sheila",Pauline Hanson's One Nation,5
WA,Cowan,"BEDFORD, Paul James","Shooters, Fishers and Farmers",6
WA,Cowan,"STEWART, Isaac",Liberal,7
WA,Curtin,"LEVER, Joan Anne",United Australia Party,1
WA,Curtin,"PIDGEON, Cameron",The Greens,2
WA,Curtin,"HAMMOND, Celia",Liberal,3
WA,Curtin,"STEWART, Louise",Independent,4
WA,Curtin,"EDGAR, Bill",Pauline Hanson's One Nation,5
WA,Curtin,"KINGSFORD, Deonne",Australian Christians,6
WA,Curtin,"MEECHAM, Rob",Australian Labor Party,7
WA,Curtin,"MANGANO, Andrew",Western Australia Party,8
WA,Durack,"PRICE, Melissa",Liberal,1
WA,Durack,"MOUNSEY, Gary",Western Australia Party,2
WA,Durack,"GOULD, Grahame",Pauline Hanson's One Nation,3
WA,Durack,"MAMID, Johani",The Greens,4
WA,Durack,"MORROW, Sharyn",Australian Labor Party,5
WA,Durack,"HATTON, Brenden",United Australia Party,6
WA,Durack,"BOURNE, Scott",The Nationals,7
WA,Forrest,"BOSHAMMER, Nerilee",The Greens,1
WA,Forrest,"McCALL, Mark","Shooters, Fishers and Farmers",2
WA,Forrest,"MARINO, Nola",Liberal,3
WA,Forrest,"JAMIESON, Kalven Wayne",Pauline Hanson's One Nation,4
WA,Forrest,"MARSDEN, Alexander",Independent,5
WA,Forrest,"MOLYNEUX, Ian Bruce",Western Australia Party,6
WA,Forrest,"SANFORD, Wayne",Australian Labor Party,7
WA,Forrest,"BROMLEY, Dale Geoffrey",United Australia Party,8
WA,Fremantle,"KNAPP, Janetia",Western Australia Party,1
WA,Fremantle,"WILSON, Josh",Australian Labor Party,2
WA,Fremantle,"WEARY, Brett",Pauline Hanson's One Nation,3
WA,Fremantle,"LEVER, Fatima",United Australia Party,4
WA,Fremantle,"WAINWRIGHT, Sam",Socialist Alliance,5
WA,Fremantle,"ROBINS, Nicole",Liberal,6
WA,Fremantle,"HUTCHINSON, Jesse",The Greens,7
WA,Fremantle,"MULDER, Laetisia",Australian Christians,8
WA,Hasluck,"WHITE-HARTIG, Fiona","Shooters, Fishers and Farmers",1
WA,Hasluck,"PHELAN, Stephen",Western Australia Party,2
WA,Hasluck,"WYATT, Ken",Liberal,3
WA,Hasluck,"MARTIN, James",Australian Labor Party,4
WA,Hasluck,"WILLIAMS, Brady John",Australian Christians,5
WA,Hasluck,"ORR, Tim",Pauline Hanson's One Nation,6
WA,Hasluck,"DALE, Mike",United Australia Party,7
WA,Hasluck,"MILES, Lee-Anne",The Greens,8
WA,Moore,"WALSH, Tyler",Pauline Hanson's One Nation,1
WA,Moore,"GOODENOUGH, Ian",Liberal,2
WA,Moore,"VUJCICH, Daniel",The Greens,3
WA,Moore,"HOST, Rex",Australian Christians,4
WA,Moore,"JACOBS, Jen",Western Australia Party,5
WA,Moore,"O'GORMAN, Tony",Australian Labor Party,6
WA,Moore,"MURPHY, Ziggi",Independent,7
WA,Moore,"CHILCOTT, Rod",United Australia Party,8
WA,O'Connor,"HASSELL, John",The Nationals,1
WA,O'Connor,"GILMOUR, Nelson Blake",The Greens,2
WA,O'Connor,"PAYNE, Shelley",Australian Labor Party,3
WA,O'Connor,"FELS, Anthony James",United Australia Party,4
WA,O'Connor,"WILSON, Rick",Liberal,5
WA,O'Connor,"'t HART, Ian",Australian Christians,6
WA,O'Connor,"SWIFT, Peter",Western Australia Party,7
WA,O'Connor,"SMITH, Dean",Pauline Hanson's One Nation,8
WA,O'Connor,"ROBINSON, Nicholas Andrew",The Great Australian Party,9
WA,Pearce,"OLD, Sandy",Pauline Hanson's One Nation,1
WA,Pearce,"TRAVERS, Kim",Australian Labor Party,2
WA,Pearce,"PORTER, Christian",Liberal,3
WA,Pearce,"CALAUTTI, Michael",Western Australia Party,4
WA,Pearce,"STRAUSS, Magdeleen",Australian Christians,5
WA,Pearce,"MARSHALL, Eugene",The Greens,6
WA,Pearce,"BLYTH, Steve",The Nationals,7
WA,Pearce,"FORSTER, Rob",United Australia Party,8
WA,Pearce,"WILLIAMSON, Ross","Shooters, Fishers and Farmers",9
WA,Pearce,"BUTLAND, Colin",Independent,10
WA,Perth,"BOXALL, Jane",Western Australia Party,1
WA,Perth,"GORMAN, Patrick",Australian Labor Party,2
WA,Perth,"GRAYDEN, Jim",Liberal,3
WA,Perth,"DAVIES, Gary",Science Party,4
WA,Perth,"HOPKINS, Chas",United Australia Party,5
WA,Perth,"PERKS, Caroline",The Greens,6
WA,Perth,"LOWNDS, Mel",Pauline Hanson's One Nation,7
WA,Perth,"GREENING, Curtis",VOTEFLUX.ORG | Upgrade Democracy!,8
WA,Stirling,"YOUNG, Angus",Pauline Hanson's One Nation,1
WA,Stirling,"CULLITY, Judith",The Greens,2
WA,Stirling,"HUTTON, Dorothy",United Australia Party,3
WA,Stirling,"CONNELLY, Vince",Liberal,4
WA,Stirling,"RE, Elizabeth",Western Australia Party,5
WA,Stirling,"HOST, Kevin",Australian Christians,6
WA,Stirling,"MARKEY, Melita",Australian Labor Party,7
WA,Swan,"IRONS, Steve",Liberal,1
WA,Swan,"KLOMP, Steve",Australian Christians,2
WA,Swan,"THOMAS-WURTH, Virginia Anne",Animal Justice Party,3
WA,Swan,"ADDINK, Carmel",Fraser Anning's Conservative National Party,4
WA,Swan,"HAWKINS ZEEB, Sharron",Western Australia Party,5
WA,Swan,"CRAMER, Liberty",The Greens,6
WA,Swan,"CHEHOFF, Michael",Australia First Party,7
WA,Swan,"McLERNON, Peter",United Australia Party,8
WA,Swan,"CHANG, Tshung-Hui",Pauline Hanson's One Nation,9
WA,Swan,"BEAZLEY, Hannah",Australian Labor Party,10
WA,Tangney,"BOSWELL, Marion",Australian Labor Party,1
WA,Tangney,"RAFFERTY, Scott Rodney",Pauline Hanson's One Nation,2
WA,Tangney,"HORTON, Jillian",Independent,3
WA,Tangney,"STAER, Mark",Australian Christians,4
WA,Tangney,"WADDY, Paul Stephen",Independent,5
WA,Tangney,"SPENCER, Martin",The Greens,6
WA,Tangney,"MORTON, Ben",Liberal,7
WA,Tangney,"FERNANDEZ, Chris",United Australia Party,8
WA,Tangney,"WAUGH, Gavin",Western Australia Party,9
